osmid,cause,year,earthquake,war,fire,other_natural,other
13431536,fire,1000,FALSE,FALSE,TRUE,FALSE,FALSE
306856888,tower collapsed,1367,FALSE,FALSE,FALSE,FALSE,TRUE
391532327,largely crushed by rock,1227,FALSE,FALSE,FALSE,FALSE,TRUE
40865631,fire,1420,FALSE,FALSE,TRUE,FALSE,FALSE
97507601,fire,1120,FALSE,FALSE,TRUE,FALSE,FALSE
132407394,storm,1013,FALSE,FALSE,FALSE,TRUE,FALSE
247282293,fire,1312,FALSE,FALSE,TRUE,FALSE,FALSE
105666262,fire by lightning,1003,FALSE,FALSE,TRUE,FALSE,FALSE
89215766,damaged by fire,1419,FALSE,FALSE,TRUE,FALSE,FALSE
88143021,fire,1488,FALSE,FALSE,TRUE,FALSE,FALSE
217844841,fire 1086,1086,FALSE,FALSE,TRUE,FALSE,FALSE
46909808,damaged by fire,1164,FALSE,FALSE,TRUE,FALSE,FALSE
55213272,fire,881,FALSE,FALSE,TRUE,FALSE,FALSE
246039826,damaged by war,1488,FALSE,TRUE,FALSE,FALSE,FALSE
137472252,partly damaged by earthquake,1356,TRUE,FALSE,FALSE,FALSE,FALSE
270939309,partly damaged by earthquake,1356,TRUE,FALSE,FALSE,FALSE,FALSE
262233179,partly damaged by earthquake,1356,TRUE,FALSE,FALSE,FALSE,FALSE
397737238,damaged by fires,1350,FALSE,FALSE,TRUE,FALSE,FALSE
44152109,partly damaged by fire,1368,FALSE,FALSE,TRUE,FALSE,FALSE
219963004,fire,1010,FALSE,FALSE,TRUE,FALSE,FALSE
16082412,damaged by fire,1313,FALSE,FALSE,TRUE,FALSE,FALSE
20470246,damaged by vikings,881,FALSE,TRUE,FALSE,FALSE,FALSE
77493736,damaged by fire,1333,FALSE,FALSE,TRUE,FALSE,FALSE
109149444,fire,1198,FALSE,FALSE,TRUE,FALSE,FALSE
70193982,collapse of west,994,FALSE,FALSE,FALSE,FALSE,TRUE
70187992,fire,1084,FALSE,FALSE,TRUE,FALSE,FALSE
297797583,flood,1458,FALSE,FALSE,FALSE,TRUE,FALSE
122385636,partly damaged by fire,1081,FALSE,FALSE,TRUE,FALSE,FALSE
368793226,damaged by war,1430,FALSE,TRUE,FALSE,FALSE,FALSE
61507433,fire,1050,FALSE,FALSE,TRUE,FALSE,FALSE
22978953,fire in roof,1195,FALSE,FALSE,TRUE,FALSE,FALSE
30817310,fire,1278,FALSE,FALSE,TRUE,FALSE,FALSE
163457337,fire,1250,FALSE,FALSE,TRUE,FALSE,FALSE
161278134,fire,1286,FALSE,FALSE,TRUE,FALSE,FALSE
75793391,fire,1333,FALSE,FALSE,TRUE,FALSE,FALSE
34239929,fire,1114,FALSE,FALSE,TRUE,FALSE,FALSE
23071584,fire,1491,FALSE,FALSE,TRUE,FALSE,FALSE
40104619,fire,1283,FALSE,FALSE,TRUE,FALSE,FALSE
273360279,damaged by mayars,980,FALSE,TRUE,FALSE,FALSE,FALSE
108298512,damaged by flood,1137,FALSE,FALSE,FALSE,TRUE,FALSE
199966652,fire,1080,FALSE,FALSE,TRUE,FALSE,FALSE
104120377,fire,1291,FALSE,FALSE,TRUE,FALSE,FALSE
30333584,fire,1142,FALSE,FALSE,TRUE,FALSE,FALSE
53212149,fire,943,FALSE,FALSE,TRUE,FALSE,FALSE
113302207,fire,1256,FALSE,FALSE,TRUE,FALSE,FALSE
87726443,damaged by war,1248,FALSE,TRUE,FALSE,FALSE,FALSE
163807374,fire,1450,FALSE,FALSE,TRUE,FALSE,FALSE
144371662,fire,1483,FALSE,FALSE,TRUE,FALSE,FALSE
182462694,war,1429,FALSE,TRUE,FALSE,FALSE,FALSE
2052246,collapsed,965,FALSE,FALSE,FALSE,FALSE,TRUE
44710124,fire,1259,FALSE,FALSE,TRUE,FALSE,FALSE
29173386,destroyed,1370,FALSE,FALSE,FALSE,FALSE,TRUE
87428181,fire,1300,FALSE,FALSE,TRUE,FALSE,FALSE
144127897,fire,1208,FALSE,FALSE,TRUE,FALSE,FALSE
86409136,fire,1046,FALSE,FALSE,TRUE,FALSE,FALSE
100608564,collapse of few bays,1440,FALSE,FALSE,FALSE,FALSE,TRUE
46101039,fire,1325,FALSE,FALSE,TRUE,FALSE,FALSE
45954637,damaged by vikings,882,FALSE,TRUE,FALSE,FALSE,FALSE
25270980,fire,1150,FALSE,FALSE,TRUE,FALSE,FALSE
4532022,fire,1248,FALSE,FALSE,TRUE,FALSE,FALSE
30079415,damaged by vikings,882,FALSE,TRUE,FALSE,FALSE,FALSE
27780576,damaged by vikings,882,FALSE,TRUE,FALSE,FALSE,FALSE
191889557,partly damaged by fire,1403,FALSE,FALSE,TRUE,FALSE,FALSE
37993987,fire,1276,FALSE,FALSE,TRUE,FALSE,FALSE
96250657,lightning in tower,1406,FALSE,FALSE,FALSE,TRUE,FALSE
27703904,fire,1188,FALSE,FALSE,TRUE,FALSE,FALSE
22993770,fire,1207,FALSE,FALSE,TRUE,FALSE,FALSE
31359475,war,1213,FALSE,TRUE,FALSE,FALSE,FALSE
32061648,war,1213,FALSE,TRUE,FALSE,FALSE,FALSE
155551498,damaged by fire,1009,FALSE,FALSE,TRUE,FALSE,FALSE
70485785,fire,1348,FALSE,FALSE,TRUE,FALSE,FALSE
94521804,partly collapsed,1025,FALSE,FALSE,FALSE,FALSE,TRUE
144832880,fire,947,FALSE,FALSE,TRUE,FALSE,FALSE
228534603,partly damaged by fire,1327,FALSE,FALSE,TRUE,FALSE,FALSE
362387487,fire,1327,FALSE,FALSE,TRUE,FALSE,FALSE
96243999,fire,1071,FALSE,FALSE,TRUE,FALSE,FALSE
90405282,west façade damaged by earthquake,1318,TRUE,FALSE,FALSE,FALSE,FALSE
26844628,damaged by vikings,880,FALSE,TRUE,FALSE,FALSE,FALSE
35840960,fire,1058,FALSE,FALSE,TRUE,FALSE,FALSE
255378538,fire,1000,FALSE,FALSE,TRUE,FALSE,FALSE
24771505,war 978,978,FALSE,TRUE,FALSE,FALSE,FALSE
203521174,fire,1070,FALSE,FALSE,TRUE,FALSE,FALSE
39962246,fire,1273,FALSE,FALSE,TRUE,FALSE,FALSE
95401019,collapse of tower,1382,FALSE,FALSE,FALSE,FALSE,TRUE
50284360,damaged by vikings,882,FALSE,TRUE,FALSE,FALSE,FALSE
106074009,fire,1039,FALSE,FALSE,TRUE,FALSE,FALSE
148460207,fire,1299,FALSE,FALSE,TRUE,FALSE,FALSE
26498173,fire,1256,FALSE,FALSE,TRUE,FALSE,FALSE
26150815,fire,854,FALSE,FALSE,TRUE,FALSE,FALSE
65309666,ravaged by vikings,853,FALSE,TRUE,FALSE,FALSE,FALSE
88613054,destroyed by saracens,800,FALSE,TRUE,FALSE,FALSE,FALSE
309089736,fire,1019,FALSE,FALSE,TRUE,FALSE,FALSE
126915366,fire,1032,FALSE,FALSE,TRUE,FALSE,FALSE
64568954,partly damaged by war,1440,FALSE,TRUE,FALSE,FALSE,FALSE
68062611,destroyed by saracens,1124,FALSE,TRUE,FALSE,FALSE,FALSE
83440270,destroyed by saracens,975,FALSE,TRUE,FALSE,FALSE,FALSE
65470768,destroyed by saracens,850,FALSE,TRUE,FALSE,FALSE,FALSE
62630233,fire,880,FALSE,FALSE,TRUE,FALSE,FALSE
83768653,destroyed by saracens,890,FALSE,TRUE,FALSE,FALSE,FALSE
83764091,destroyed by saracens,890,FALSE,TRUE,FALSE,FALSE,FALSE
132132649,fire,1015,FALSE,FALSE,TRUE,FALSE,FALSE
72680580,partly damaged by fire,1199,FALSE,FALSE,TRUE,FALSE,FALSE
117529525,fire,1272,FALSE,FALSE,TRUE,FALSE,FALSE
106241292,fire,1225,FALSE,FALSE,TRUE,FALSE,FALSE
106264971,partly damaged by fire,1180,FALSE,FALSE,TRUE,FALSE,FALSE
32460887,partly damaged by fire,1212,FALSE,FALSE,TRUE,FALSE,FALSE
133271301,fire,1209,FALSE,FALSE,TRUE,FALSE,FALSE
133271309,fire,1209,FALSE,FALSE,TRUE,FALSE,FALSE
119060953,destroyed by saracens,730,FALSE,TRUE,FALSE,FALSE,FALSE
80181137,invasion,725,FALSE,TRUE,FALSE,FALSE,FALSE
64605291,partly damaged by fire,1487,FALSE,FALSE,TRUE,FALSE,FALSE
155629614,damaged in:,1417,FALSE,FALSE,FALSE,FALSE,TRUE
155702920,damaged in:,1417,FALSE,FALSE,FALSE,FALSE,TRUE
104688596,damaged in:,1346,FALSE,FALSE,FALSE,FALSE,TRUE
199802962,fire,1145,FALSE,FALSE,TRUE,FALSE,FALSE
68341804,damaged in:,1240,FALSE,FALSE,FALSE,FALSE,TRUE
91478142,partly damaged in:,1355,FALSE,FALSE,FALSE,FALSE,TRUE
121570436,destroyed by saracens,790,FALSE,TRUE,FALSE,FALSE,FALSE
126333518,destroyed by saracens,731,FALSE,TRUE,FALSE,FALSE,FALSE
113037532,damaged by vikings,880,FALSE,TRUE,FALSE,FALSE,FALSE
102809767,damaged by vikings,858,FALSE,TRUE,FALSE,FALSE,FALSE
102882828,damaged by vikings,858,FALSE,TRUE,FALSE,FALSE,FALSE
112099668,damaged by vikings,841,FALSE,TRUE,FALSE,FALSE,FALSE
69972010,damaged by vikings,845,FALSE,TRUE,FALSE,FALSE,FALSE
67358511,damaged by vikings,845,FALSE,TRUE,FALSE,FALSE,FALSE
67517840,destroyed,760,FALSE,FALSE,FALSE,FALSE,TRUE
25022217,fire,1106,FALSE,FALSE,TRUE,FALSE,FALSE
66636479,destroyed,1368,FALSE,FALSE,FALSE,FALSE,TRUE
68665416,destroyed,1480,FALSE,FALSE,FALSE,FALSE,TRUE
64181197,fire,1248,FALSE,FALSE,TRUE,FALSE,FALSE
41434954,fire,1137,FALSE,FALSE,TRUE,FALSE,FALSE
61848313,partially destroyed 100-y war,1421,FALSE,TRUE,FALSE,FALSE,FALSE
82048485,fire by war,1195,FALSE,TRUE,FALSE,FALSE,FALSE
82048362,vikings,950,FALSE,TRUE,FALSE,FALSE,FALSE
108213330,damaged in:,1204,FALSE,FALSE,FALSE,FALSE,TRUE
108213426,damaged in:,1204,FALSE,FALSE,FALSE,FALSE,TRUE
135938363,vikings,841,FALSE,TRUE,FALSE,FALSE,FALSE
85354582,damaged in:,1477,FALSE,FALSE,FALSE,FALSE,TRUE
71762834,war in brittany,1342,FALSE,TRUE,FALSE,FALSE,FALSE
116575824,collapsed largely,1300,FALSE,FALSE,FALSE,FALSE,TRUE
48923696,damaged,1298,FALSE,FALSE,FALSE,FALSE,TRUE
238739000,100-y war,1356,FALSE,TRUE,FALSE,FALSE,FALSE
119815440,fire,1419,FALSE,FALSE,TRUE,FALSE,FALSE
63719981,partly damaged by fire,1314,FALSE,FALSE,TRUE,FALSE,FALSE
146670643,fire,1112,FALSE,FALSE,TRUE,FALSE,FALSE
67776442,100-y war,1429,FALSE,TRUE,FALSE,FALSE,FALSE
67770679,lightening,1383,FALSE,FALSE,FALSE,TRUE,FALSE
25055228,fire,1134,FALSE,FALSE,TRUE,FALSE,FALSE
143572151,partially damaged,866,FALSE,FALSE,FALSE,FALSE,TRUE
91980198,partially damaged,1473,FALSE,FALSE,FALSE,FALSE,TRUE
64484265,100-y war,1450,FALSE,TRUE,FALSE,FALSE,FALSE
60801683,damaged by saracens,800,FALSE,TRUE,FALSE,FALSE,FALSE
52405010,fire,960,FALSE,FALSE,TRUE,FALSE,FALSE
70047654,damaged by saracens,838,FALSE,TRUE,FALSE,FALSE,FALSE
151964380,vikings,869,FALSE,TRUE,FALSE,FALSE,FALSE
66499545,fire,1100,FALSE,FALSE,TRUE,FALSE,FALSE
79547368,damaged in:,1376,FALSE,FALSE,FALSE,FALSE,TRUE
28379422,fire,919,FALSE,FALSE,TRUE,FALSE,FALSE
139906286,ravaged by saracenss,890,FALSE,TRUE,FALSE,FALSE,FALSE
39704141,vikings,859,FALSE,TRUE,FALSE,FALSE,FALSE
63850927,vikings,848,FALSE,TRUE,FALSE,FALSE,FALSE
50323125,vikings,877,FALSE,TRUE,FALSE,FALSE,FALSE
113691821,razed,1358,FALSE,TRUE,FALSE,FALSE,FALSE
113692150,razed,1358,FALSE,TRUE,FALSE,FALSE,FALSE
113704283,razed,1358,FALSE,TRUE,FALSE,FALSE,FALSE
91407973,crusade albigenzen,1290,FALSE,TRUE,FALSE,FALSE,FALSE
62287173,fire,861,FALSE,FALSE,TRUE,FALSE,FALSE
53770908,vikings,886,FALSE,TRUE,FALSE,FALSE,FALSE
63200612,vikings,885,FALSE,TRUE,FALSE,FALSE,FALSE
19740659,vikings,886,FALSE,TRUE,FALSE,FALSE,FALSE
51343833,vikings,845,FALSE,TRUE,FALSE,FALSE,FALSE
40630875,fire,1018,FALSE,FALSE,TRUE,FALSE,FALSE
38676352,vikings,865,FALSE,TRUE,FALSE,FALSE,FALSE
40648031,saracens,732,FALSE,TRUE,FALSE,FALSE,FALSE
252586198,fire,1315,FALSE,FALSE,TRUE,FALSE,FALSE
113130090,partially destroyed by fire,1157,FALSE,FALSE,TRUE,FALSE,FALSE
92294792,fire,1210,FALSE,FALSE,TRUE,FALSE,FALSE
30447530,collapsed largely,1490,FALSE,FALSE,FALSE,FALSE,TRUE
45393044,saracens,725,FALSE,TRUE,FALSE,FALSE,FALSE
61082023,vikings,860,FALSE,TRUE,FALSE,FALSE,FALSE
63420359,vikings,841,FALSE,TRUE,FALSE,FALSE,FALSE
64181197_236,fire,1248,FALSE,FALSE,TRUE,FALSE,FALSE
136636672,fire,990,FALSE,FALSE,TRUE,FALSE,FALSE
51845053,collapse of façade,1268,FALSE,FALSE,FALSE,FALSE,TRUE
69839724,fire,948,FALSE,FALSE,TRUE,FALSE,FALSE
84387233,partially collapsed,1396,FALSE,FALSE,FALSE,FALSE,TRUE
89444715,vikings,860,FALSE,TRUE,FALSE,FALSE,FALSE
72096102,vikings,875,FALSE,TRUE,FALSE,FALSE,FALSE
39973703,fire,1007,FALSE,FALSE,TRUE,FALSE,FALSE
88938397,fire,1493,FALSE,FALSE,TRUE,FALSE,FALSE
23315210,fire,1442,FALSE,FALSE,TRUE,FALSE,FALSE
28132042,collapse after flood,1300,FALSE,FALSE,FALSE,TRUE,FALSE
36706994,fire,1465,FALSE,FALSE,TRUE,FALSE,FALSE
124180040,fire,1006,FALSE,FALSE,TRUE,FALSE,FALSE
38577954,vikings,903,FALSE,TRUE,FALSE,FALSE,FALSE
73677188,fire,1166,FALSE,FALSE,TRUE,FALSE,FALSE
25311951,vikings,853,FALSE,TRUE,FALSE,FALSE,FALSE
73122051,vikings,890,FALSE,TRUE,FALSE,FALSE,FALSE
97407668,lightening in tower,1281,FALSE,FALSE,FALSE,TRUE,FALSE
79901345,normans,919,FALSE,TRUE,FALSE,FALSE,FALSE
145197217,normans,950,FALSE,TRUE,FALSE,FALSE,FALSE
94434589,fire,1047,FALSE,FALSE,TRUE,FALSE,FALSE
186328222,100-y war,1354,FALSE,TRUE,FALSE,FALSE,FALSE
404009406,fire,985,FALSE,FALSE,TRUE,FALSE,FALSE
131841891,100-y war,1400,FALSE,TRUE,FALSE,FALSE,FALSE
51088330,fire,1388,FALSE,FALSE,TRUE,FALSE,FALSE
262220623,fire,1235,FALSE,FALSE,TRUE,FALSE,FALSE
274945455,partly damaged by fire,1457,FALSE,FALSE,TRUE,FALSE,FALSE
274017666,fire,1438,FALSE,FALSE,TRUE,FALSE,FALSE
52908260,fire,1370,FALSE,FALSE,TRUE,FALSE,FALSE
33492308,vikings,857,FALSE,TRUE,FALSE,FALSE,FALSE
237388535,fire,1279,FALSE,FALSE,TRUE,FALSE,FALSE
33701392,fire,1279,FALSE,FALSE,TRUE,FALSE,FALSE
139240553,fire,1420,FALSE,FALSE,TRUE,FALSE,FALSE
39333604,fire,1137,FALSE,FALSE,TRUE,FALSE,FALSE
40650689,fire,1188,FALSE,FALSE,TRUE,FALSE,FALSE
98014681,ruin after norman invasion,1066,FALSE,TRUE,FALSE,FALSE,FALSE
28021345,fire,1174,FALSE,FALSE,TRUE,FALSE,FALSE
38694157,damage during rebellion,1400,FALSE,TRUE,FALSE,FALSE,FALSE
278889326,tower collapsed,1468,FALSE,FALSE,FALSE,FALSE,TRUE
59317197,fire,1187,FALSE,FALSE,TRUE,FALSE,FALSE
4311103,vikings,900,FALSE,TRUE,FALSE,FALSE,FALSE
36393775,pludered,1056,FALSE,TRUE,FALSE,FALSE,FALSE
242966968,roof in fire,1124,FALSE,FALSE,TRUE,FALSE,FALSE
1821753,damaged by riots,1272,FALSE,TRUE,FALSE,FALSE,FALSE
4678895,fire,1450,FALSE,FALSE,TRUE,FALSE,FALSE
27065040,fire,1116,FALSE,FALSE,TRUE,FALSE,FALSE
60566221,fire,1266,FALSE,FALSE,TRUE,FALSE,FALSE
4099626,earthquake,1250,TRUE,FALSE,FALSE,FALSE,FALSE
28750371,danes,1075,FALSE,TRUE,FALSE,FALSE,FALSE
130385489,collapse,933,FALSE,FALSE,FALSE,FALSE,TRUE
26183417,fire,1212,FALSE,FALSE,TRUE,FALSE,FALSE
369161987,fire,1087,FALSE,FALSE,TRUE,FALSE,FALSE
145633296,fire,1216,FALSE,FALSE,TRUE,FALSE,FALSE
132407394,fire,1053,FALSE,FALSE,TRUE,FALSE,FALSE
89215766,damaged by war,1436,FALSE,TRUE,FALSE,FALSE,FALSE
55213272,fire,1066,FALSE,FALSE,TRUE,FALSE,FALSE
219963004,fire,1352,FALSE,FALSE,TRUE,FALSE,FALSE
70187992,partly collapsed,1299,FALSE,FALSE,FALSE,FALSE,TRUE
34239929,fire,1232,FALSE,FALSE,TRUE,FALSE,FALSE
45954637,damaged by war,1198,FALSE,TRUE,FALSE,FALSE,FALSE
27703904,fire,1207,FALSE,FALSE,TRUE,FALSE,FALSE
144832880,fire,1062,FALSE,FALSE,TRUE,FALSE,FALSE
26844628,partly damaged by fire,1254,FALSE,FALSE,TRUE,FALSE,FALSE
255378538,fire,1133,FALSE,FALSE,TRUE,FALSE,FALSE
148460207,fire,1424,FALSE,FALSE,TRUE,FALSE,FALSE
26150815,fire,1039,FALSE,FALSE,TRUE,FALSE,FALSE
88613054,destroyed by saracens,900,FALSE,TRUE,FALSE,FALSE,FALSE
309089736,fire,1107,FALSE,FALSE,TRUE,FALSE,FALSE
65470768,fire,1171,FALSE,FALSE,TRUE,FALSE,FALSE
62630233,fire,1023,FALSE,FALSE,TRUE,FALSE,FALSE
132132649,fire,1105,FALSE,FALSE,TRUE,FALSE,FALSE
72680580,partly damaged by fire,1258,FALSE,FALSE,TRUE,FALSE,FALSE
80181137,invasion,864,FALSE,TRUE,FALSE,FALSE,FALSE
113037532,fire,1138,FALSE,FALSE,TRUE,FALSE,FALSE
102809767,conflagration,1020,FALSE,FALSE,TRUE,FALSE,FALSE
102882828,damaged by vikings,911,FALSE,TRUE,FALSE,FALSE,FALSE
67517840,damaged by vikings,915,FALSE,TRUE,FALSE,FALSE,FALSE
82048362,fire,1119,FALSE,FALSE,TRUE,FALSE,FALSE
108213330,100-y war,1417,FALSE,TRUE,FALSE,FALSE,FALSE
108213426,100-y war,1417,FALSE,TRUE,FALSE,FALSE,FALSE
143572151,fire,1180,FALSE,FALSE,TRUE,FALSE,FALSE
60801683,fire,1253,FALSE,FALSE,TRUE,FALSE,FALSE
39704141,fire,1131,FALSE,FALSE,TRUE,FALSE,FALSE
63850927,fire,1250,FALSE,FALSE,TRUE,FALSE,FALSE
50323125,fire,989,FALSE,FALSE,TRUE,FALSE,FALSE
113692150,razed,1428,FALSE,TRUE,FALSE,FALSE,FALSE
113704283,razed,1428,FALSE,TRUE,FALSE,FALSE,FALSE
40648031,fire,1083,FALSE,FALSE,TRUE,FALSE,FALSE
92294792,partially destroyed by fire,1481,FALSE,FALSE,TRUE,FALSE,FALSE
63420359,lightning,1110,FALSE,FALSE,FALSE,TRUE,FALSE
136636672,partial collapse,1420,FALSE,FALSE,FALSE,FALSE,TRUE
72096102,partly damaged by fire,1365,FALSE,FALSE,TRUE,FALSE,FALSE
39973703,lightning,1144,FALSE,FALSE,FALSE,TRUE,FALSE
38577954,fire,994,FALSE,FALSE,TRUE,FALSE,FALSE
25311951,hurricane,1224,FALSE,FALSE,FALSE,TRUE,FALSE
73122051,partly destroyed by fire,1188,FALSE,FALSE,TRUE,FALSE,FALSE
79901345,ruined,1150,FALSE,FALSE,FALSE,FALSE,TRUE
94434589,ravaged,1135,FALSE,TRUE,FALSE,FALSE,FALSE
404009406,fire,1004,FALSE,FALSE,TRUE,FALSE,FALSE
51088330,collapse tower,1468,FALSE,FALSE,FALSE,FALSE,TRUE
262220623,fire,1334,FALSE,FALSE,TRUE,FALSE,FALSE
33492308,fire,1017,FALSE,FALSE,TRUE,FALSE,FALSE
40650689,collapse tower,1219,FALSE,FALSE,FALSE,FALSE,TRUE
59317197,tower collapsed,1210,FALSE,FALSE,FALSE,FALSE,TRUE
242966968,earthquake,1185,TRUE,FALSE,FALSE,FALSE,FALSE
1821753,spire collapsed,1362,FALSE,FALSE,FALSE,FALSE,TRUE
4678895,tower collapsed,1480,FALSE,FALSE,FALSE,FALSE,TRUE
4099626,collapse two pilaars,1323,FALSE,FALSE,FALSE,FALSE,TRUE
130385489,fire 1250,1250,FALSE,FALSE,TRUE,FALSE,FALSE
26183417,damaged by fire,1390,FALSE,FALSE,TRUE,FALSE,FALSE
219963004,damaged,1418,FALSE,FALSE,FALSE,FALSE,TRUE
309089736,fire,1218,FALSE,FALSE,TRUE,FALSE,FALSE
72680580,partly damaged by fire,1224,FALSE,FALSE,TRUE,FALSE,FALSE
102809767,fire,1134,FALSE,FALSE,TRUE,FALSE,FALSE
102882828,fires,1077,FALSE,FALSE,TRUE,FALSE,FALSE
82048362,war damage,1356,FALSE,TRUE,FALSE,FALSE,FALSE
50323125,collapse,1277,FALSE,FALSE,FALSE,FALSE,TRUE
33492308,fire,1253,FALSE,FALSE,TRUE,FALSE,FALSE
1821753,lightening in spire,1463,FALSE,FALSE,FALSE,TRUE,FALSE
80181137,invasion,848,FALSE,TRUE,FALSE,FALSE,FALSE
233181490,collapse,1198,FALSE,FALSE,FALSE,FALSE,TRUE
410903032,collapse,1316,FALSE,FALSE,FALSE,FALSE,TRUE
517923149,earthquake,1315,TRUE,FALSE,FALSE,FALSE,FALSE
510802785,earthquake,1315,TRUE,FALSE,FALSE,FALSE,FALSE
503078651,earthquake,1315,TRUE,FALSE,FALSE,FALSE,FALSE
496723141,earthquake,1315,TRUE,FALSE,FALSE,FALSE,FALSE
124813346,earthquake,1315,TRUE,FALSE,FALSE,FALSE,FALSE
126627387,fire,1070,FALSE,FALSE,TRUE,FALSE,FALSE
447863567,earthquake,1349,TRUE,FALSE,FALSE,FALSE,FALSE
417998768,destroyed 1156,1156,FALSE,FALSE,FALSE,FALSE,TRUE
407428806,saracens,862,FALSE,TRUE,FALSE,FALSE,FALSE
228398604,earthquake,1456,TRUE,FALSE,FALSE,FALSE,FALSE
6201103,collapse,1445,FALSE,FALSE,FALSE,FALSE,TRUE
325434925,fire,1141,FALSE,FALSE,TRUE,FALSE,FALSE
164344748,damaged by fire,1291,FALSE,FALSE,TRUE,FALSE,FALSE
197021033,fire,1184,FALSE,FALSE,TRUE,FALSE,FALSE
160505858,war,1438,FALSE,TRUE,FALSE,FALSE,FALSE
197021227,fire,1144,FALSE,FALSE,TRUE,FALSE,FALSE
80414060,fire,1215,FALSE,FALSE,TRUE,FALSE,FALSE
58102740,earthquake,1169,TRUE,FALSE,FALSE,FALSE,FALSE
133776910,earthquake,1493,TRUE,FALSE,FALSE,FALSE,FALSE
120661948,earthquake,1184,TRUE,FALSE,FALSE,FALSE,FALSE
204729664,war,1159,FALSE,TRUE,FALSE,FALSE,FALSE
73881812,earthquake,1117,TRUE,FALSE,FALSE,FALSE,FALSE
463264817,fire,1124,FALSE,FALSE,TRUE,FALSE,FALSE
220099304,earthquake,1213,TRUE,FALSE,FALSE,FALSE,FALSE
35415826,fire,1296,FALSE,FALSE,TRUE,FALSE,FALSE
333222284,earthquake,1456,TRUE,FALSE,FALSE,FALSE,FALSE
411138839,fire,1447,FALSE,FALSE,TRUE,FALSE,FALSE
137804516,earthquake,1117,TRUE,FALSE,FALSE,FALSE,FALSE
404813260,saracens,1250,FALSE,TRUE,FALSE,FALSE,FALSE
28233134,fire,1254,FALSE,FALSE,TRUE,FALSE,FALSE
24971631,fire,1075,FALSE,FALSE,TRUE,FALSE,FALSE
27596761,fire,1070,FALSE,FALSE,TRUE,FALSE,FALSE
43705671,fire,1330,FALSE,FALSE,TRUE,FALSE,FALSE
27626748,fire,1075,FALSE,FALSE,TRUE,FALSE,FALSE
229221671,earthquake,1169,TRUE,FALSE,FALSE,FALSE,FALSE
229221672,earthquake,1169,TRUE,FALSE,FALSE,FALSE,FALSE
122982019,tower collapsed,1349,FALSE,FALSE,FALSE,FALSE,TRUE
131997423,earthquake,1117,TRUE,FALSE,FALSE,FALSE,FALSE
131997783,roof collapsed,1491,FALSE,FALSE,FALSE,FALSE,TRUE
131977001,magyars,900,FALSE,TRUE,FALSE,FALSE,FALSE
131798543,earthquake,1117,TRUE,FALSE,FALSE,FALSE,FALSE
25683090,fire,1477,FALSE,FALSE,TRUE,FALSE,FALSE
179584053,fire,780,FALSE,FALSE,TRUE,FALSE,FALSE
334063704,fire,1004,FALSE,FALSE,TRUE,FALSE,FALSE
461216601,earthquake,1117,TRUE,FALSE,FALSE,FALSE,FALSE
103565431,flood destroys façade,1120,FALSE,FALSE,FALSE,TRUE,FALSE
122951323,flood destroys façade,1120,FALSE,FALSE,FALSE,TRUE,FALSE
61682813,fire,1108,FALSE,FALSE,TRUE,FALSE,FALSE
253315225,earthquake,725,TRUE,FALSE,FALSE,FALSE,FALSE
6123095,collapse tower,1228,FALSE,FALSE,FALSE,FALSE,TRUE
120854225,plundering by normans,1084,FALSE,TRUE,FALSE,FALSE,FALSE
375936632,plundering by normans,1084,FALSE,TRUE,FALSE,FALSE,FALSE
275036771,saracens,884,FALSE,TRUE,FALSE,FALSE,FALSE
28396159,damaged by fire,1443,FALSE,FALSE,TRUE,FALSE,FALSE
546017,only partial collapse,1357,FALSE,FALSE,FALSE,FALSE,TRUE
127505742,fire,1329,FALSE,FALSE,TRUE,FALSE,FALSE
227783056,earthquake,1456,TRUE,FALSE,FALSE,FALSE,FALSE
36686387,earthquake,1348,TRUE,FALSE,FALSE,FALSE,FALSE
138804512,fire,1106,FALSE,FALSE,TRUE,FALSE,FALSE
142022351,fire,1474,FALSE,FALSE,TRUE,FALSE,FALSE
138843126,fire,889,FALSE,FALSE,TRUE,FALSE,FALSE
286784078,fire,1105,FALSE,FALSE,TRUE,FALSE,FALSE
162035005,fire,1105,FALSE,FALSE,TRUE,FALSE,FALSE
138803921,fire,1214,FALSE,FALSE,TRUE,FALSE,FALSE
138800730,fire,1120,FALSE,FALSE,TRUE,FALSE,FALSE
138800932,fire,976,FALSE,FALSE,TRUE,FALSE,FALSE
82261510,fire,997,FALSE,FALSE,TRUE,FALSE,FALSE
170355986,earthquake,1350,TRUE,FALSE,FALSE,FALSE,FALSE
138809135,earthquake,1117,TRUE,FALSE,FALSE,FALSE,FALSE
288170289,magyars,920,FALSE,TRUE,FALSE,FALSE,FALSE
138894828,earthquake,1117,TRUE,FALSE,FALSE,FALSE,FALSE
413343141,fire,1420,FALSE,FALSE,TRUE,FALSE,FALSE
423593733,earthquake,1117,TRUE,FALSE,FALSE,FALSE,FALSE
517923149,earthquake,1349,TRUE,FALSE,FALSE,FALSE,FALSE
510802785,earthquake,1349,TRUE,FALSE,FALSE,FALSE,FALSE
503078651,earthquake,1461,TRUE,FALSE,FALSE,FALSE,FALSE
496723141,earthquake,1349,TRUE,FALSE,FALSE,FALSE,FALSE
124813346,earthquake,1349,TRUE,FALSE,FALSE,FALSE,FALSE
447863567,tower collapsed,1456,FALSE,FALSE,FALSE,FALSE,TRUE
325434925,earthquake,1122,TRUE,FALSE,FALSE,FALSE,FALSE
411138839,earthquake,1456,TRUE,FALSE,FALSE,FALSE,FALSE
122982019,earthquake,1450,TRUE,FALSE,FALSE,FALSE,FALSE
131977001,earthquake,1117,TRUE,FALSE,FALSE,FALSE,FALSE
179584053,fire,1055,FALSE,FALSE,TRUE,FALSE,FALSE
334063704,earthquake,1117,TRUE,FALSE,FALSE,FALSE,FALSE
61682813,earthquake,1298,TRUE,FALSE,FALSE,FALSE,FALSE
28396159,damaged by fire,1456,FALSE,FALSE,TRUE,FALSE,FALSE
138843126,fire,1106,FALSE,FALSE,TRUE,FALSE,FALSE
288170289,earthquake,1117,TRUE,FALSE,FALSE,FALSE,FALSE
138894828,plunder,1236,FALSE,TRUE,FALSE,FALSE,FALSE
